{"cameraMode":{"drawMode":0,"name":"Shaded","section":"Shading Mode"},"sceneLighting":true,"audioPlay":false,"sceneViewState":{"m_AlwaysRefresh":false,"showFog":true,"showSkybox":true,"showFlares":true,"showImageEffects":true,"showParticleSystems":true,"showVisualEffectGraphs":true,"m_FxEnabled":true},"in2DMode":false,"pivot":{"x":0.6245815753936768,"y":2.3013484477996828,"z":1.4140779972076417},"rotation":{"x":0.06734085083007813,"y":0.7105525135993958,"z":-0.06864479929208756,"w":0.697043776512146},"size":1.8322279453277588,"orthographic":false}